Episode, Reward, Time
1,84.03587643516897,01:17:50.711729
2,33.3569263071592,01:18:25.619586
3,144.3903437209039,01:19:03.114480
4,135.6233867621427,01:19:45.604833
5,30.640583776747956,01:20:30.738371
6,192.37615576756528,01:21:14.585375
7,177.55825154955573,01:22:03.352064
