Episode, Reward, Time
1,84.03587643516897,01:17:50.711729
2,33.3569263071592,01:18:25.619586
3,144.3903437209039,01:19:03.114480
4,135.6233867621427,01:19:45.604833
5,30.640583776747956,01:20:30.738371
6,192.37615576756528,01:21:14.585375
7,177.55825154955573,01:22:03.352064
1,-82.09730736605661,01:27:27.455113
2,-139.13351493153542,01:28:02.467022
1,-69.15529592171471,01:29:26.736890
