Episode, Reward, Time, Hits, Avg_pos, Avg_theta, Shots
1,95.41615319490411,00:42:58.894098,5,60.78296910324039,13.127400150715918,20
