Episode, Reward, Time, Hits, Avg_pos, Avg_theta, Shots
1,501.4999518354987,23:16:39.662727,1,50.30740740740741,10.209259259259264,9
