Episode, Running_Reward, Frame_Count, Time
4,-166.14935462330948,5000,00:33:56.283656
9,-155.8841189098947,10000,00:37:31.206229
