Shooter_x_pos,Shooter_y_pos,Projectile_x_pos,Projectile_y_pos,Player_x_pos_current,Player_y_pos_current,Player_x_pos_initial,Player_y_pos_initial,Distance_x,Distance_y,Displacement_x,Displacement_y,Theta,Hit
0.004075042427843014,0.00787810641704362,-0.004786550876756384,-0.0031376799003264436,-0.0035970406034001355,0.005432531079920223,-0.0027052021144586395,0.005388940043755239,-0.029865790763070124,0
-0.024598274172276648,-0.011490222781736684,0.0070813497473289745,-0.005190228579748955,0.004304498571134958,0.0023908998026890677,0.0028519152383703074,-0.000499085452973765,-0.0005275021335151415,-0.00014033687959425474,-0.003051803243737569,0.0017509768959764836,0.033373912948987436,0
